mutation_id	sample_id	cluster_id	cellular_prevalence	cellular_prevalence_std	variant_allele_frequency
chr10:61848030-61848030_G_A	sarc-sg047-01-000-000	0	0.9906877767932839	0.011948236713828681	0.48514851485148514
chr11:124857896-124857896_T_G	sarc-sg047-01-000-000	0	0.9913654124392509	0.008918058266834169	0.5248041775456919
chr11:93122292-93122292_G_T	sarc-sg047-01-000-000	0	0.9909962093950473	0.013322413143671738	0.5263157894736842
chr16:3119297-3119297_C_CG	sarc-sg047-01-000-000	0	0.9911177298025244	0.009504819359254717	0.48148148148148145
chr18:33785186-33785186_A_C	sarc-sg047-01-000-000	0	0.991289510167443	0.009170378724622102	0.53125
chr2:152236045-152236046_TA_T	sarc-sg047-01-000-000	0	0.9903419629468609	0.015085283875138262	0.5517241379310345
chr3:42264772-42264772_C_T	sarc-sg047-01-000-000	0	0.99116972572474	0.01048842485120106	0.4952978056426332
chr4:113578482-113578483_GA_G	sarc-sg047-01-000-000	0	0.9907951068432689	0.015076355862990573	0.6
chr7:64438956-64438956_T_G	sarc-sg047-01-000-000	0	0.9912868161681592	0.008869169331349144	0.5258620689655172
chrX:129190094-129190094_C_T	sarc-sg047-01-000-000	0	0.9849927669455512	0.05734722267990051	0.5526315789473685
chrX:46359638-46359638_C_A	sarc-sg047-01-000-000	1	0.9861755780893493	0.04669882879021011	0.44954128440366975
