mutation_id	sample_id	cluster_id	cellular_prevalence	cellular_prevalence_std	variant_allele_frequency
chr10:89720679-89720679_C_A	sarc-sg016-01-000-000	0	0.9849749462734552	0.02301251282831823	0.6195652173913043
chr11:1092910-1092910_G_A	sarc-sg016-01-000-000	0	0.9850932768384238	0.022598337274858254	0.6909090909090909
chr12:56975617-56975617_G_C	sarc-sg016-01-000-000	0	0.9847583882593753	0.024443400052339272	0.5938864628820961
chr13:79918806-79918806_G_GT	sarc-sg016-01-000-000	0	0.9847795311141666	0.024478129559961103	0.6181818181818182
chr16:31202737-31202737_A_T	sarc-sg016-01-000-000	0	0.9846271511589472	0.02682785588671387	0.6491228070175439
chr16:5140130-5140130_C_T	sarc-sg016-01-000-000	0	0.9845148343460883	0.02513964757134846	0.5617283950617284
chr16:5140136-5140136_C_T	sarc-sg016-01-000-000	0	0.9843501268054559	0.027325982375651998	0.5949367088607594
chr16:70178401-70178401_A_T	sarc-sg016-01-000-000	0	0.9827808081643629	0.03669266031447611	0.5217391304347826
chr19:52942223-52942223_C_A	sarc-sg016-01-000-000	0	0.9849959047585546	0.023118716932719566	0.6725978647686833
chr1:145299906-145299906_T_G	sarc-sg016-01-000-000	0	0.9851143642785694	0.023063573857826068	0.6379310344827587
chr1:148024842-148024842_C_A	sarc-sg016-01-000-000	0	0.984477128835114	0.027020929854929723	0.608
chr1:28939774-28939774_C_T	sarc-sg016-01-000-000	0	0.9845439127033881	0.02604403132019207	0.5703703703703704
chr2:133074718-133074718_A_C	sarc-sg016-01-000-000	0	0.9844276312334063	0.027151664057645353	0.580952380952381
chr2:97830192-97830192_T_C	sarc-sg016-01-000-000	0	0.9851295178637623	0.02367267019314171	0.6431718061674009
chr3:47087979-47087979_G_T	sarc-sg016-01-000-000	1	0.977759516164542	0.057359003293571964	0.6181818181818182
chr4:142653933-142653934_GA_G	sarc-sg016-01-000-000	0	0.9851351663222758	0.022291100531550104	0.75
chr4:155507677-155507677_G_T	sarc-sg016-01-000-000	0	0.9856138223379838	0.019016112252925592	0.6648936170212766
chr4:79792163-79792163_G_C	sarc-sg016-01-000-000	0	0.9841723602016991	0.027195790189318312	0.5757575757575758
chr8:145738599-145738599_A_C	sarc-sg016-01-000-000	0	0.9846469696657614	0.024086474599728007	0.6341463414634146
chrX:129147938-129147938_T_A	sarc-sg016-01-000-000	2	0.9743399149775765	0.07424038476682618	0.6896551724137931
