mutation_id	sample_id	cluster_id	cellular_prevalence	cellular_prevalence_std	variant_allele_frequency
chr11:123886984-123886984_A_G	sarc-sg037-01-000-000	1	0.10720012665779968	0.027090395582821544	0.057297297297297295
chr13:29041657-29041657_C_A	sarc-sg037-01-000-000	3	0.2330221392759448	0.07491169868898252	0.12698412698412698
chr17:34797651-34797651_A_AG	sarc-sg037-01-000-000	0	0.29322108583171463	0.1118963576821798	0.21342925659472423
chr17:39197499-39197499_G_A	sarc-sg037-01-000-000	1	0.11034878943757884	0.030256608897116222	0.06446280991735537
chr17:73552185-73552185_G_A	sarc-sg037-01-000-000	1	0.1391217169817709	0.05662022844127889	0.10674157303370786
chr17:7370109-7370110_AG_A	sarc-sg037-01-000-000	4	0.3980066156460067	0.10904825275707654	0.21929824561403508
chr1:152279729-152279729_C_T	sarc-sg037-01-000-000	1	0.09938626300095235	0.02638664117756913	0.03942652329749104
chr1:162740216-162740216_G_A	sarc-sg037-01-000-000	1	0.11910800102448783	0.041361626723560564	0.08130081300813008
chr1:17087582-17087582_G_A	sarc-sg037-01-000-000	1	0.1009815814170193	0.025827009855780517	0.04345273047563124
chr1:228295451-228295451_G_A	sarc-sg037-01-000-000	2	0.19501667023802835	0.08756313669805933	0.14925373134328357
chr20:1293247-1293247_C_T	sarc-sg037-01-000-000	1	0.11876187756806	0.03277394710528303	0.0662557781201849
chr22:51117580-51117580_T_C	sarc-sg037-01-000-000	1	0.10933316044704125	0.02630987678056043	0.05457746478873239
chr7:30791848-30791848_G_A	sarc-sg037-01-000-000	1	0.11591611713298325	0.037837911740499726	0.07481296758104738
chr8:53852871-53852871_A_T	sarc-sg037-01-000-000	1	0.10190361185184775	0.024436379776846567	0.04065934065934066
chr9:139402807-139402807_A_G	sarc-sg037-01-000-000	3	0.2334396847033344	0.062071125581319504	0.12406015037593984
