mutation_id	sample_id	cluster_id	cellular_prevalence	cellular_prevalence_std	variant_allele_frequency
chr10:46999601-46999601_G_A	sarc-sg061-01-000-000	3	0.6942071729445517	0.23439944357926654	0.4696969696969697
chr1:144917827-144917828_CA_C	sarc-sg061-01-000-000	0	0.6872703385169221	0.23608991770708626	0.5294117647058824
chr1:148252811-148252811_T_A	sarc-sg061-01-000-000	1	0.6837512554768512	0.23824967252025067	0.5617977528089888
chr21:46924425-46924434_CGGCCCCCCA_C	sarc-sg061-01-000-000	2	0.6878461860785354	0.2346116557238143	0.6190476190476191
chr4:66356180-66356180_A_C	sarc-sg061-01-000-000	4	0.6841218837656865	0.23683534326112726	0.39067055393586003
chr5:149515211-149515211_T_G	sarc-sg061-01-000-000	2	0.6918304391806159	0.23398942028652947	0.43478260869565216
chr9:130953108-130953111_AGCT_A	sarc-sg061-01-000-000	0	0.6859042154935121	0.23641546252684548	0.45689655172413796
