mutation_id	sample_id	cluster_id	cellular_prevalence	cellular_prevalence_std	variant_allele_frequency
chr10:87482883-87482883_A_T	sarc-sg065-01-000-000	1	0.8845694299579269	0.1381574444046171	0.6590909090909091
chr11:5510540-5510540_G_GGGCT	sarc-sg065-01-000-000	0	0.725048676955817	0.2856097619944856	0.10344827586206896
chr11:56344843-56344851_CCATTGAAG_C	sarc-sg065-01-000-000	3	0.7896148102064185	0.2506970802452094	0.17857142857142858
chr11:62430752-62430752_A_T	sarc-sg065-01-000-000	1	0.8191803565549378	0.2131602477843694	0.4418604651162791
chr11:76895770-76895792_GGGAGGCGGGGACACCAGGGCCT_G	sarc-sg065-01-000-000	2	0.7571460840098047	0.2675505091689396	0.13664596273291926
chr11:7817850-7817850_A_T	sarc-sg065-01-000-000	1	0.8243266968380282	0.20504264092588148	0.4911660777385159
chr12:31238059-31238059_A_G	sarc-sg065-01-000-000	1	0.8679992580559627	0.15740272427406785	0.676056338028169
chr14:21216127-21216127_G_T	sarc-sg065-01-000-000	1	0.864311442158525	0.1633858475015905	0.631578947368421
chr14:53187673-53187673_G_A	sarc-sg065-01-000-000	1	0.8537612611114391	0.17704519507356695	0.5221238938053098
chr18:42456670-42456670_C_CTCTT	sarc-sg065-01-000-000	1	0.8417576685805288	0.18344650385205824	0.5327868852459017
chr1:115256530-115256530_G_T	sarc-sg065-01-000-000	1	0.8497490512187471	0.17289170984180444	0.5535714285714286
chr21:42821220-42821220_C_T	sarc-sg065-01-000-000	1	0.8591618052292203	0.17071090996643978	0.5709219858156028
chr22:42148612-42148612_C_T	sarc-sg065-01-000-000	1	0.8567858934529763	0.17465094161319142	0.5625
chr22:45258375-45258375_C_A	sarc-sg065-01-000-000	1	0.8613719106637285	0.16791468547227226	0.5921259842519685
chr22:50967719-50967719_G_T	sarc-sg065-01-000-000	1	0.8698834857141339	0.15739477517752903	0.6543321299638989
chr3:151056474-151056474_G_A	sarc-sg065-01-000-000	1	0.8620015560802651	0.1655851239965641	0.45323741007194246
chr4:155508780-155508780_C_A	sarc-sg065-01-000-000	1	0.869671360747486	0.15827318644966354	0.5128205128205128
chr4:183245223-183245223_G_A	sarc-sg065-01-000-000	1	0.8700235221600126	0.1568051392182167	0.5219047619047619
chr8:27287894-27287894_C_A	sarc-sg065-01-000-000	1	0.8582817299868745	0.16621159711372305	0.5920303605313093
