mutation_id	sample_id	cluster_id	cellular_prevalence	cellular_prevalence_std	variant_allele_frequency
chr12:124824739-124824739_T_TGCCG	sarc-sg066-01-000-000	2	0.6876704730977153	0.23635643923240646	0.42105263157894735
chr16:88780634-88780640_AGGTGTG_A	sarc-sg066-01-000-000	1	0.6784524926539159	0.23787337876829648	0.3333333333333333
chr21:30411392-30411392_G_T	sarc-sg066-01-000-000	0	0.689864592665064	0.23621646753759729	0.43037974683544306
chr22:43089915-43089915_C_T	sarc-sg066-01-000-000	0	0.6897027092210123	0.23393826268260232	0.4501510574018127
chr3:49349907-49349907_C_CA	sarc-sg066-01-000-000	3	0.6881612026611418	0.23584924690716436	0.4186046511627907
