mutation_id	sample_id	cluster_id	cellular_prevalence	cellular_prevalence_std	variant_allele_frequency
chr11:5717577-5717577_A_G	sarc-sg074-01-000-000	0	0.990462779020461	0.010975095730222848	0.5152439024390244
chr11:65366018-65366018_A_T	sarc-sg074-01-000-000	0	0.986769201316525	0.03098611587097592	0.4444444444444444
chr12:129190098-129190098_C_A	sarc-sg074-01-000-000	0	0.9906928589694357	0.010898053570852669	0.5481832543443917
chr12:26835592-26835592_C_T	sarc-sg074-01-000-000	0	0.9904172491855714	0.013483720182895953	0.5449101796407185
chr16:72822522-72822522_G_C	sarc-sg074-01-000-000	0	0.9902957612819943	0.013781131355774162	0.5191256830601093
chr1:17264920-17264920_C_T	sarc-sg074-01-000-000	1	0.9847643544566186	0.036552675833773314	0.42105263157894735
chr22:22988913-22988913_T_A	sarc-sg074-01-000-000	0	0.9895107089377713	0.017144019846831855	0.59375
chr7:154263960-154263960_C_A	sarc-sg074-01-000-000	0	0.9905819426661298	0.012169198935757955	0.5367965367965368
chr8:68956723-68956723_C_T	sarc-sg074-01-000-000	0	0.9903774604054976	0.01257046877543504	0.5090361445783133
chrX:119678031-119678031_A_T	sarc-sg074-01-000-000	0	0.9904729261386676	0.01118170977674528	0.5298507462686567
