mutation_id	sample_id	cluster_id	cellular_prevalence	cellular_prevalence_std	variant_allele_frequency
chr10:70432762-70432763_GC_G	sarc-sg006-01-000-002	1	0.9756297479058458	0.048120618715186685	0.4225352112676056
chr12:57883052-57883053_AT_A	sarc-sg006-01-000-002	1	0.9839777566059369	0.0180617019710475	0.5492957746478874
chr12:6457044-6457045_GC_G	sarc-sg006-01-000-002	1	0.9753910269749322	0.04909410378618017	0.41818181818181815
chr14:31582338-31582339_AT_A	sarc-sg006-01-000-002	1	0.9781236855435167	0.0528855273115257	0.5
chr15:60745781-60745781_G_GA	sarc-sg006-01-000-002	1	0.9840528032223826	0.017557944909021857	0.5606060606060606
chr18:3452221-3452223_CCT_C	sarc-sg006-01-000-002	1	0.9837881820412593	0.0199502042627733	0.5813953488372093
chr19:12541542-12541542_C_T	sarc-sg006-01-000-002	1	0.9838853534423788	0.017602987810128878	0.5158730158730159
chr19:12541544-12541544_A_C	sarc-sg006-01-000-002	1	0.9833332207637754	0.021602389163599252	0.5
chr1:120612002-120612004_CGG_C	sarc-sg006-01-000-002	1	0.984155912747926	0.01754360738290934	0.5309734513274337
chr1:161024236-161024236_C_A	sarc-sg006-01-000-002	1	0.9573957524180945	0.07931299514582102	0.3900709219858156
chr2:190626330-190626331_TA_T	sarc-sg006-01-000-002	1	0.9837518590200578	0.01970862360376998	0.5538461538461539
chr3:41860984-41860985_CT_C	sarc-sg006-01-000-002	1	0.9778903004092825	0.04195384584298497	0.43859649122807015
chr3:77657037-77657038_TC_T	sarc-sg006-01-000-002	1	0.9845764329927308	0.016234493481313166	0.6274509803921569
chr4:54319247-54319249_CAG_C	sarc-sg006-01-000-002	1	0.9803300295565005	0.0445058560742381	0.5038759689922481
chr6:144086413-144086413_C_CA	sarc-sg006-01-000-002	0	0.9162726810708833	0.13146262513616674	0.6756756756756757
chr6:42072554-42072555_CG_C	sarc-sg006-01-000-002	1	0.9836297709198596	0.020221528229645763	0.5384615384615384
chr7:31697913-31697914_CT_C	sarc-sg006-01-000-002	1	0.9839762052270713	0.019135942138019807	0.5645161290322581
chrX:140993716-140993716_G_T	sarc-sg006-01-000-002	1	0.9847892517890973	0.015662186588034418	0.5803108808290155
chrX:154157685-154157686_AT_A	sarc-sg006-01-000-002	1	0.9833895673718968	0.021581245685072716	0.504950495049505
