mutation_id	sample_id	cluster_id	cellular_prevalence	cellular_prevalence_std	variant_allele_frequency
chr16:88780635-88780635_G_GGTGT	sarc-sg079-01-000-000	0	0.9575187163538785	0.07610122903023822	0.4666666666666667
chr19:17108094-17108094_C_T	sarc-sg079-01-000-000	0	0.9636344465870561	0.06139978298135429	0.5352697095435685
chr19:50926265-50926265_G_C	sarc-sg079-01-000-000	0	0.965250005745354	0.058400849255462364	0.6164383561643836
chr19:54760624-54760624_T_G	sarc-sg079-01-000-000	0	0.9599992130840918	0.06806013305692227	0.4780701754385965
chr1:16918653-16918653_C_T	sarc-sg079-01-000-000	0	0.9685850496976114	0.0473002262088191	0.7164179104477612
chr21:38120061-38120061_G_A	sarc-sg079-01-000-000	0	0.9601285182792931	0.06966141387353364	0.5254237288135594
chr7:4213975-4213975_A_G	sarc-sg079-01-000-000	1	0.9554405595987723	0.07879422582431564	0.44692737430167595
chrX:135961586-135961587_TG_T	sarc-sg079-01-000-000	0	0.9635774305332497	0.06286677941339235	0.5396578538102644
