mutation_id	sample_id	cluster_id	cellular_prevalence	cellular_prevalence_std	variant_allele_frequency
chr10:129907347-129907349_TTC_T	sgit-st073-01-000-000	8	0.5943945579046354	0.26008813230423744	0.15891472868217055
chr10:21129736-21129737_CT_C	sgit-st073-01-000-000	4	0.5946124593364238	0.27143111873780074	0.1891891891891892
chr10:69797899-69797899_C_A	sgit-st073-01-000-000	6	0.5795029265133934	0.2651546302836188	0.13114754098360656
chr11:61313597-61313597_C_A	sgit-st073-01-000-000	2	0.7914329762800959	0.17808146085800539	0.8654970760233918
chr15:77473435-77473435_G_T	sgit-st073-01-000-000	13	0.5607361182465008	0.2741809219385508	0.12295081967213115
chr17:11896025-11896025_C_T	sgit-st073-01-000-000	14	0.5931695853703707	0.27024781412875143	0.1694915254237288
chr17:37864697-37864697_C_A	sgit-st073-01-000-000	11	0.5767948431112507	0.2781475535244687	0.1896551724137931
chr18:43671709-43671709_C_T	sgit-st073-01-000-000	9	0.5746485834430907	0.2746938149770299	0.14102564102564102
chr1:23744452-23744452_G_C	sgit-st073-01-000-000	7	0.5552187763558011	0.27801427821094415	0.10891089108910891
chr1:240976960-240976960_G_A	sgit-st073-01-000-000	1	0.5953157865665398	0.271763442399735	0.19642857142857142
chr1:2443097-2443098_CA_C	sgit-st073-01-000-000	12	0.5739794670452524	0.2736202331719826	0.25
chr2:135738415-135738415_T_TA	sgit-st073-01-000-000	10	0.5739132061788679	0.27330700584991524	0.1388888888888889
chr2:1657508-1657508_C_T	sgit-st073-01-000-000	5	0.5515426724882182	0.2774907453264851	0.11038961038961038
chr2:220427183-220427183_G_A	sgit-st073-01-000-000	2	0.7775714194898288	0.1870089732980996	0.8201219512195121
chr3:12810783-12810783_C_T	sgit-st073-01-000-000	2	0.7725454102652543	0.19071066203487286	0.8450704225352113
chr4:100237147-100237147_C_T	sgit-st073-01-000-000	0	0.5459305535909047	0.27935653728372506	0.10087719298245613
chr5:140230385-140230385_C_T	sgit-st073-01-000-000	2	0.7634792103138923	0.19223716116489106	0.7911504424778761
chr6:148855040-148855042_CCA_C	sgit-st073-01-000-000	3	0.5802533791514797	0.2741491672280823	0.14432989690721648
chr6:7390291-7390291_C_T	sgit-st073-01-000-000	2	0.757141738913615	0.1972580446202703	0.7533875338753387
chr9:43915500-43915500_G_C	sgit-st073-01-000-000	2	0.7646467275398966	0.19327089785528354	0.8070175438596491
