mutation_id	sample_id	cluster_id	cellular_prevalence	cellular_prevalence_std	variant_allele_frequency
chr11:108384024-108384024_T_A	sgit-st091-01-000-000	0	0.775362667643227	0.22682265953341646	0.3604060913705584
chr12:10588530-10588530_C_G	sgit-st091-01-000-000	0	0.7946334492040225	0.21162053467024336	0.7941176470588235
chr12:66704273-66704274_AG_A	sgit-st091-01-000-000	4	0.7757543985358019	0.22498826688596366	0.3706896551724138
chr17:56277141-56277141_G_A	sgit-st091-01-000-000	2	0.7802247989019657	0.2228347516350871	0.536547433903577
chr18:44554940-44554940_T_TGC	sgit-st091-01-000-000	0	0.7869423284504528	0.21688147068330638	0.7012687427912342
chr19:22846623-22846623_G_A	sgit-st091-01-000-000	3	0.756269350668287	0.23895093487518154	0.6909090909090909
chr22:38363119-38363119_G_A	sgit-st091-01-000-000	0	0.7840209366823134	0.2191277840604775	0.4791666666666667
chr2:130951837-130951837_G_A	sgit-st091-01-000-000	0	0.7871393494211106	0.21763043702597212	0.628175519630485
chr2:132237844-132237844_C_T	sgit-st091-01-000-000	0	0.7887465270951507	0.21512680904163603	0.6219135802469136
chr2:96521138-96521138_T_C	sgit-st091-01-000-000	0	0.7882344892276582	0.21806715266178153	0.6976744186046512
chr4:73923979-73923979_G_A	sgit-st091-01-000-000	0	0.7814544445764923	0.2237205264581581	0.38028169014084506
chr5:56155627-56155627_C_A	sgit-st091-01-000-000	1	0.7771187997157686	0.2231604375086879	0.325
chr5:66462761-66462761_C_T	sgit-st091-01-000-000	0	0.7832146162905961	0.21940320867762475	0.533724340175953
chr6:116442633-116442633_G_A	sgit-st091-01-000-000	1	0.7841722238179709	0.21916930705888477	0.5513626834381551
