mutation_id	sample_id	cluster_id	cellular_prevalence	cellular_prevalence_std	variant_allele_frequency
chr17:45473320-45473320_C_A	sgit-st079-01-000-000	0	0.9697939912321676	0.03973789295572182	0.22274881516587677
chr17:66339789-66339789_G_A	sgit-st079-01-000-000	0	0.9791017472061451	0.019764459517614137	0.3621621621621622
chr1:109777926-109777926_G_A	sgit-st079-01-000-000	0	0.9372832375698262	0.10875787535965395	0.30864197530864196
chr1:152280900-152280900_T_G	sgit-st079-01-000-000	0	0.9762119184635009	0.023663668226459725	0.39094650205761317
chr4:1932446-1932448_TAC_T	sgit-st079-01-000-000	0	0.972746691670989	0.03352988118885939	0.3782051282051282
chr4:79792163-79792166_GCAC_G	sgit-st079-01-000-000	0	0.9779210455675186	0.020238881363314594	0.5441176470588235
chr8:6794398-6794400_AGC_A	sgit-st079-01-000-000	0	0.9597624558100452	0.062201111706338165	0.3472222222222222
chr9:139391424-139391424_G_A	sgit-st079-01-000-000	1	0.8231639238498587	0.1607525130719743	0.14847161572052403
chrX:100604888-100604888_C_A	sgit-st079-01-000-000	0	0.9275314141019954	0.12845948275983987	0.42168674698795183
chrX:102004518-102004518_C_A	sgit-st079-01-000-000	0	0.9220753975099406	0.134094998179271	0.3939393939393939
