mutation_id	sample_id	cluster_id	cellular_prevalence	cellular_prevalence_std	variant_allele_frequency
chr13:48916803-48916803_T_G	sgit-st031-01-000-000	0	0.7474116690925722	0.2295754229045732	0.3869047619047619
chr14:69583213-69583213_C_A	sgit-st031-01-000-000	1	0.7442754853164333	0.23361763954002635	0.3979591836734694
chr15:28948528-28948528_C_G	sgit-st031-01-000-000	0	0.7533351576704632	0.22595937748778447	0.49333333333333335
chr15:85788057-85788057_A_G	sgit-st031-01-000-000	0	0.7630381688646135	0.21945053867821557	0.7027027027027027
chr16:21011769-21011769_A_C	sgit-st031-01-000-000	0	0.7511476966424505	0.22918819986161051	0.4645161290322581
chr17:62207359-62207362_TCAG_T	sgit-st031-01-000-000	0	0.7520837720342235	0.22750614212704065	0.45977011494252873
chr1:109637114-109637115_TA_T	sgit-st031-01-000-000	4	0.7514892235430363	0.22721248171979355	0.44680851063829785
chr1:226259113-226259113_C_G	sgit-st031-01-000-000	0	0.7520487080554912	0.2262824016877591	0.5170454545454546
chr9:130953108-130953111_AGCT_A	sgit-st031-01-000-000	3	0.7454873460289737	0.23056995163916974	0.3484848484848485
chrX:135956342-135956342_C_G	sgit-st031-01-000-000	2	0.750351988304618	0.2257877097463926	0.46122448979591835
chrX:76874298-76874298_A_C	sgit-st031-01-000-000	0	0.7538368669960057	0.22562414211999635	0.45118733509234826
