mutation_id	sample_id	cluster_id	cellular_prevalence	cellular_prevalence_std	variant_allele_frequency
chr1:11291002-11291002_G_A	sgit-st033-01-000-000	1	0.7545230794031479	0.13760855185679763	0.2534246575342466
chr1:120548047-120548047_T_G	sgit-st033-01-000-000	6	0.6954580843604319	0.21690557758656007	0.15873015873015872
chr1:147577753-147577753_C_CATCT	sgit-st033-01-000-000	3	0.8901071463740197	0.1086457110062073	0.29411764705882354
chr1:152282092-152282092_T_C	sgit-st033-01-000-000	5	0.44300901516270935	0.13186714373212696	0.07945736434108527
chr22:23655130-23655130_A_T	sgit-st033-01-000-000	0	0.8036149965588023	0.14162643808782638	0.30612244897959184
chr2:9983686-9983686_G_T	sgit-st033-01-000-000	3	0.9188442633033798	0.08594665465650478	0.48333333333333334
chr6:93974347-93974347_C_A	sgit-st033-01-000-000	4	0.8255954813091565	0.12329803554808394	0.38823529411764707
chr8:143996539-143996539_T_C	sgit-st033-01-000-000	2	0.546200436393954	0.1987537414647426	0.10721649484536082
