mutation_id	sample_id	cluster_id	cellular_prevalence	cellular_prevalence_std	variant_allele_frequency
chr10:55581883-55581883_G_A	sgit-st022-01-000-000	2	0.8932774913767755	0.16049569654291665	0.26485148514851486
chr11:57146995-57146995_C_T	sgit-st022-01-000-000	0	0.8844207602487455	0.17624369134408552	0.1977401129943503
chr11:61026260-61026260_G_A	sgit-st022-01-000-000	2	0.9014285484768995	0.15096136074960417	0.3533834586466165
chr16:24886979-24886979_G_A	sgit-st022-01-000-000	3	0.8925318904257059	0.16423321760693382	0.2350597609561753
chr17:27805350-27805350_A_C	sgit-st022-01-000-000	2	0.902529685926317	0.14945162220306102	0.335423197492163
chr1:241757990-241757990_G_A	sgit-st022-01-000-000	2	0.8962701601909828	0.15937340426317032	0.2727272727272727
chr1:27153449-27153449_G_A	sgit-st022-01-000-000	2	0.9129174828837057	0.13391835112843659	0.5737704918032787
chr20:4168018-4168018_T_G	sgit-st022-01-000-000	2	0.8908473950205039	0.16591503899279633	0.23404255319148937
chr22:36722683-36722683_G_A	sgit-st022-01-000-000	2	0.8951039405996718	0.16106611379724256	0.2809734513274336
chr4:187557334-187557334_A_G	sgit-st022-01-000-000	2	0.8957457174296373	0.15833242275480536	0.2785388127853881
chr7:133863265-133863265_T_C	sgit-st022-01-000-000	2	0.8999854481163935	0.15105592189389955	0.3344947735191638
chr7:143094661-143094661_G_A	sgit-st022-01-000-000	1	0.8853299049034459	0.1743425430683212	0.20603015075376885
