mutation_id	sample_id	cluster_id	cellular_prevalence	cellular_prevalence_std	variant_allele_frequency
chr10:108389104-108389104_C_T	sgit-st083-01-000-000	1	0.7576020555123356	0.22675838314402424	0.6066666666666667
chr10:51748681-51748682_AC_A	sgit-st083-01-000-000	4	0.7489438123331766	0.23326758569199044	0.39705882352941174
chr12:122848635-122848635_C_T	sgit-st083-01-000-000	4	0.7539140438563645	0.23305520280099276	0.4966887417218543
chr12:7559285-7559285_G_T	sgit-st083-01-000-000	2	0.7552910402465819	0.22845923132924098	0.5868263473053892
chr17:65905758-65905759_CA_C	sgit-st083-01-000-000	2	0.7636354489575488	0.22608038640408062	0.6129032258064516
chr17:934957-934957_C_T	sgit-st083-01-000-000	1	0.7544482939449747	0.23028453170910207	0.603448275862069
chr19:2477506-2477506_G_A	sgit-st083-01-000-000	0	0.755216588234434	0.23037835454928632	0.4376321353065539
chr2:207169788-207169788_G_A	sgit-st083-01-000-000	3	0.7596719751066716	0.22750467099412455	0.6048387096774194
chr3:133114721-133114721_A_G	sgit-st083-01-000-000	1	0.7556355544908039	0.23188413325580406	0.5
chr4:71347185-71347185_T_C	sgit-st083-01-000-000	1	0.7600343522776521	0.2251202206119939	0.7297297297297297
chr4:71347207-71347207_T_C	sgit-st083-01-000-000	1	0.767469534869101	0.22487090399102774	0.7560975609756098
chr7:856311-856311_G_T	sgit-st083-01-000-000	1	0.7536160431551112	0.23132933020336005	0.41836734693877553
chr8:117878848-117878848_C_T	sgit-st083-01-000-000	0	0.7535319558906654	0.23107633297984242	0.49122807017543857
