mutation_id	sample_id	cluster_id	cellular_prevalence	cellular_prevalence_std	variant_allele_frequency
chr12:49427714-49427714_T_G	sgit-st021-01-000-000	0	0.7825349925989518	0.21872614372879623	0.4379474940334129
chr15:42363078-42363078_T_C	sgit-st021-01-000-000	1	0.7827752269650584	0.21839544320432408	0.41836734693877553
chr17:29490220-29490220_T_G	sgit-st021-01-000-000	0	0.7786543975630157	0.22081157352047873	0.4031413612565445
chr17:39134528-39134528_G_A	sgit-st021-01-000-000	1	0.7832697240097208	0.22025947116227992	0.4823529411764706
chr19:1073522-1073522_A_T	sgit-st021-01-000-000	0	0.7806854771214914	0.21875346268701118	0.43007915567282323
chr19:58385748-58385748_G_A	sgit-st021-01-000-000	0	0.7851330294499377	0.21561633706624841	0.49473684210526314
chr20:33147163-33147163_C_T	sgit-st021-01-000-000	0	0.7675803742733077	0.22851834688113531	0.4444444444444444
chr22:50017891-50017891_C_G	sgit-st021-01-000-000	0	0.7875032607373282	0.21531757980973118	0.5357142857142857
chr3:49695343-49695343_G_A	sgit-st021-01-000-000	0	0.7828834985378965	0.21950457280444988	0.4004739336492891
chr5:140744742-140744742_G_A	sgit-st021-01-000-000	2	0.7757875423086139	0.22064017137537456	0.5240174672489083
chrX:38535026-38535026_T_TC	sgit-st021-01-000-000	0	0.7744154792250745	0.2243912849706271	0.4043824701195219
chrX:76940472-76940472_A_C	sgit-st021-01-000-000	3	0.7801880069761374	0.2225753718040935	0.4517937219730942
