mutation_id	sample_id	cluster_id	cellular_prevalence	cellular_prevalence_std	variant_allele_frequency
chr10:21115469-21115469_C_A	sgit-st097-01-000-000	2	0.8750168042817497	0.14962135321564568	0.5806451612903226
chr10:29784072-29784072_G_C	sgit-st097-01-000-000	2	0.8910961031008594	0.1311294315381444	0.6666666666666666
chr10:61815486-61815486_G_C	sgit-st097-01-000-000	1	0.8113401372125835	0.16000515072668847	0.5355029585798816
chr11:1092884-1092884_C_T	sgit-st097-01-000-000	2	0.864836483953732	0.13824074300708378	0.6363636363636364
chr11:5079903-5079903_A_T	sgit-st097-01-000-000	2	0.8166796716349675	0.1990917452430523	0.3793103448275862
chr11:63149670-63149671_CA_C	sgit-st097-01-000-000	2	0.8705708044562247	0.14921433412975169	0.5333333333333333
chr12:40713901-40713901_T_A	sgit-st097-01-000-000	2	0.8442217590927649	0.16763927796656303	0.618421052631579
chr16:2112001-2112001_C_T	sgit-st097-01-000-000	2	0.8272992788388714	0.18607018586093313	0.4331983805668016
chr1:101705000-101705000_G_A	sgit-st097-01-000-000	2	0.8894047967231414	0.13506438823942477	0.6281179138321995
chr1:60370698-60370698_C_T	sgit-st097-01-000-000	2	0.8986977520846312	0.12153457417639059	0.7080745341614907
chr2:206641239-206641243_TCGCA_T	sgit-st097-01-000-000	2	0.815306864688279	0.20655035906905778	0.3368421052631579
chr5:41019022-41019022_C_G	sgit-st097-01-000-000	2	0.8807723762527058	0.14198636063938708	0.5592592592592592
chr6:108985176-108985176_T_TG	sgit-st097-01-000-000	1	0.8042298450409701	0.1717528614704032	0.49129353233830847
chr6:25819769-25819769_G_A	sgit-st097-01-000-000	0	0.8243760191347251	0.17123776417932443	0.508695652173913
