mutation_id	sample_id	cluster_id	cellular_prevalence	cellular_prevalence_std	variant_allele_frequency
chr12:95445587-95445587_T_C	sgit-st103-01-000-000	1	0.787357957976715	0.20568677606570349	0.3723404255319149
chr15:82575108-82575108_A_G	sgit-st103-01-000-000	1	0.8055636613951429	0.20297198435768185	0.2904761904761905
chr17:7646596-7646596_C_CT	sgit-st103-01-000-000	1	0.7973963360795476	0.20331691484333303	0.32673267326732675
chr19:57088112-57088112_A_T	sgit-st103-01-000-000	0	0.7245586649997647	0.2428912936384183	0.2676056338028169
chr1:241964500-241964500_C_T	sgit-st103-01-000-000	2	0.7622582131458001	0.22242884440077274	0.2535211267605634
chr3:19554674-19554674_C_G	sgit-st103-01-000-000	3	0.7227422929736419	0.2395036339878923	0.27906976744186046
chr3:196043080-196043080_C_CT	sgit-st103-01-000-000	1	0.846483276057084	0.17142413563213812	0.4915254237288136
chr3:4693862-4693862_G_A	sgit-st103-01-000-000	1	0.7980419400651948	0.19482272554424662	0.4316353887399464
chr3:64085074-64085074_G_A	sgit-st103-01-000-000	1	0.8462457747835765	0.16788377849532662	0.5680119581464873
