mutation_id	sample_id	cluster_id	cellular_prevalence	cellular_prevalence_std	variant_allele_frequency
chr12:49437981-49437981_A_C	sgit-st061-01-000-000	1	0.6897739795864645	0.23981316645875775	0.3956043956043956
chr15:33936716-33936716_T_C	sgit-st061-01-000-000	5	0.6842370242415636	0.23768751325699283	0.4251968503937008
chr16:24788434-24788434_C_A	sgit-st061-01-000-000	4	0.6875087096555629	0.2371547433980797	0.6923076923076923
chr18:44561319-44561319_T_C	sgit-st061-01-000-000	0	0.6991645028484981	0.23712380534132413	0.8
chr19:15295743-15295743_A_C	sgit-st061-01-000-000	3	0.6879127461776238	0.23956503001442336	0.4852941176470588
chr1:110022091-110022091_A_G	sgit-st061-01-000-000	6	0.6859688514448588	0.24053220854119997	0.4260355029585799
chr1:75038878-75038879_GC_G	sgit-st061-01-000-000	0	0.6837388411747609	0.23948077318858577	0.5
chr2:178988919-178988920_CA_C	sgit-st061-01-000-000	2	0.6831387634148496	0.23941485347914118	0.6714285714285714
chr4:122744666-122744666_G_T	sgit-st061-01-000-000	3	0.6886843775612373	0.23907433051760507	0.5900783289817232
chr6:146126878-146126878_G_T	sgit-st061-01-000-000	4	0.6769765772649673	0.2430692490763614	0.5936254980079682
