mutation_id	sample_id	cluster_id	cellular_prevalence	cellular_prevalence_std	variant_allele_frequency
chr11:1269176-1269176_C_T	sgit-st035-01-000-000	0	0.8675641888606211	0.17725615953640764	0.4700854700854701
chr12:104136207-104136207_C_T	sgit-st035-01-000-000	0	0.8658456321160173	0.17528971273061278	0.5907928388746803
chr12:131620643-131620643_G_A	sgit-st035-01-000-000	0	0.8657869638093582	0.17773654314971218	0.5084745762711864
chr12:50748058-50748058_G_C	sgit-st035-01-000-000	2	0.8558750385528181	0.19087937569791188	0.313953488372093
chr18:47429022-47429022_C_T	sgit-st035-01-000-000	0	0.8692753277111429	0.17156289676659744	0.5524193548387096
chr19:35632102-35632102_T_C	sgit-st035-01-000-000	0	0.8675645321725218	0.17426075942134334	0.4962686567164179
chr19:7170734-7170734_G_T	sgit-st035-01-000-000	0	0.869355658282984	0.17253502856901326	0.5025906735751295
chr1:180010917-180010917_G_A	sgit-st035-01-000-000	0	0.8654564007326376	0.1775190844978699	0.3790849673202614
chr20:15948212-15948212_G_A	sgit-st035-01-000-000	0	0.8626703130075197	0.1823280561690702	0.32142857142857145
chr20:30585154-30585154_G_A	sgit-st035-01-000-000	0	0.8667726711659519	0.17577607516430493	0.4085106382978723
chr4:9246807-9246808_GC_G	sgit-st035-01-000-000	0	0.8611491500508793	0.18356422795309713	0.4250907205806117
chr5:36207355-36207355_A_C	sgit-st035-01-000-000	3	0.861010954729428	0.18316628812630914	0.2972972972972973
chr5:38463080-38463080_C_T	sgit-st035-01-000-000	0	0.8688376836194377	0.17395361330083484	0.42771084337349397
chr6:161152156-161152156_G_A	sgit-st035-01-000-000	1	0.8586899437481347	0.18597892604162927	0.30666666666666664
chr7:120480106-120480106_C_A	sgit-st035-01-000-000	0	0.8615117718848764	0.18203646575363816	0.25
