mutation_id	sample_id	cluster_id	cellular_prevalence	cellular_prevalence_std	variant_allele_frequency
chr10:70693986-70693986_A_T	sgit-st015-01-000-000	0	0.7084916770724613	0.23848340025608006	0.4633431085043988
chr12:49427714-49427714_T_G	sgit-st015-01-000-000	5	0.7066697021107224	0.24095700967856248	0.44662921348314605
chr15:28948484-28948484_G_A	sgit-st015-01-000-000	1	0.7086551513645474	0.2369036789170676	0.5909090909090909
chr16:24788434-24788434_C_A	sgit-st015-01-000-000	5	0.7032875302858734	0.2378707124774339	0.453781512605042
chr17:1410364-1410364_T_G	sgit-st015-01-000-000	3	0.7021511460472705	0.23900465523627487	0.5516014234875445
chr22:22160141-22160141_T_G	sgit-st015-01-000-000	3	0.7026796959198846	0.24063403499690736	0.4311111111111111
chr2:16082749-16082749_A_C	sgit-st015-01-000-000	2	0.7016969241784685	0.23803705407822615	0.4551282051282051
chr2:219903755-219903755_C_T	sgit-st015-01-000-000	6	0.703316362474699	0.23766846974926337	0.46613545816733065
chr3:12627205-12627205_T_G	sgit-st015-01-000-000	4	0.7068609002055568	0.23489048656247852	0.4229934924078091
chr4:1843148-1843148_C_A	sgit-st015-01-000-000	1	0.7008285993605581	0.23826019517354247	0.46846846846846846
chr8:2046700-2046700_C_T	sgit-st015-01-000-000	0	0.7027767881373579	0.24016738036858087	0.4888888888888889
chr8:2046729-2046729_G_A	sgit-st015-01-000-000	4	0.7065588377568802	0.23928490104274702	0.48333333333333334
