mutation_id	sample_id	cluster_id	cellular_prevalence	cellular_prevalence_std	variant_allele_frequency
chr12:122247807-122247807_A_T	sgit-st045-01-000-000	0	0.908290568103278	0.06582695714597513	0.533249686323714
chr13:28589304-28589304_T_C	sgit-st045-01-000-000	0	0.7584216993054169	0.23622393224607813	0.2671232876712329
chr13:32937489-32937489_C_G	sgit-st045-01-000-000	2	0.6671712802417751	0.22033969853797064	0.2080536912751678
chr16:29825015-29825016_GC_G	sgit-st045-01-000-000	0	0.8696156399894388	0.0991237619354372	0.5321100917431193
chr17:17117118-17117118_C_G	sgit-st045-01-000-000	3	0.7766155530525202	0.15314470989710757	0.7564717162032598
chr1:111146548-111146548_T_C	sgit-st045-01-000-000	0	0.850109433089055	0.09398868377460481	0.4987012987012987
chr1:203040844-203040844_T_C	sgit-st045-01-000-000	7	0.7284071696422283	0.1520209113415789	0.423841059602649
chr20:61537196-61537196_G_C	sgit-st045-01-000-000	0	0.9173242896446693	0.0647935372846531	0.5707964601769911
chr2:54112852-54112852_A_T	sgit-st045-01-000-000	1	0.7090654492841444	0.13576387337473664	0.4308300395256917
chr3:41275326-41275326_T_G	sgit-st045-01-000-000	5	0.538616105644481	0.14628108122146366	0.37166324435318276
chr4:17710568-17710568_G_A	sgit-st045-01-000-000	0	0.8747873916019065	0.08459103213617583	0.5145118733509235
chr6:166952245-166952245_T_C	sgit-st045-01-000-000	0	0.9242871878041815	0.058984828458534456	0.5654596100278552
chr6:79679817-79679817_G_C	sgit-st045-01-000-000	8	0.7083629904049928	0.20064496505159862	0.3142857142857143
chr7:26224301-26224301_G_A	sgit-st045-01-000-000	6	0.6537907489444268	0.19025927712671462	0.2942643391521197
chrX:14883556-14883556_T_A	sgit-st045-01-000-000	4	0.6033446313739363	0.2026430541904629	0.26881720430107525
