mutation_id	sample_id	cluster_id	cellular_prevalence	cellular_prevalence_std	variant_allele_frequency
chr11:2016659-2016659_T_C	sgit-st116-01-000-000	4	0.7173816733974728	0.1717948476946902	0.676923076923077
chr12:49426696-49426696_A_T	sgit-st116-01-000-000	5	0.6893967780813236	0.208939498484295	0.5
chr15:40544520-40544520_G_C	sgit-st116-01-000-000	1	0.7499647408639354	0.09434680261440812	0.7567567567567568
chr15:83677270-83677271_CA_C	sgit-st116-01-000-000	3	0.6862714176058642	0.1989287707690735	0.5178571428571429
chr19:21910173-21910173_A_T	sgit-st116-01-000-000	0	0.6296413559086593	0.14551013065701057	0.5602094240837696
chr3:73111481-73111481_C_CA	sgit-st116-01-000-000	0	0.6418392586437042	0.10217713233264944	0.6143790849673203
chr5:180040089-180040089_A_C	sgit-st116-01-000-000	0	0.6790265228307133	0.10512487791055675	0.6666666666666666
chr6:28331127-28331127_A_G	sgit-st116-01-000-000	2	0.7107614849674422	0.21869942195928038	0.4779874213836478
chr6:28331128-28331128_A_C	sgit-st116-01-000-000	2	0.7053965826508571	0.21562458903829218	0.49382716049382713
chr7:80302708-80302711_ATTC_A	sgit-st116-01-000-000	1	0.7440685209507122	0.09835249039548101	0.75
chr9:42719279-42719280_GC_G	sgit-st116-01-000-000	2	0.9047493282296909	0.09654817906470158	0.6785714285714286
