mutation_id	sample_id	cluster_id	cellular_prevalence	cellular_prevalence_std	variant_allele_frequency
chr11:1093054-1093054_C_G	sgit-st058-01-000-000	1	0.9326119147679969	0.10811301066268751	0.6
chr17:56620301-56620301_C_T	sgit-st058-01-000-000	2	0.928122144364929	0.11916887302258895	0.424190800681431
chr19:4682878-4682880_CAG_C	sgit-st058-01-000-000	1	0.9316420026710899	0.1122927294571098	0.5248380129589633
chr19:58385748-58385748_G_A	sgit-st058-01-000-000	1	0.9298019297747736	0.11598900865897369	0.5350609756097561
chr1:174221616-174221616_A_G	sgit-st058-01-000-000	1	0.9335218242612977	0.10768138564322613	0.514018691588785
chr1:32203860-32203860_G_A	sgit-st058-01-000-000	1	0.9309311438105595	0.11156781498034056	0.6031042128603105
chr20:37547236-37547236_C_T	sgit-st058-01-000-000	1	0.929351438056666	0.11809611837711598	0.5460893854748603
chr2:103059746-103059746_G_T	sgit-st058-01-000-000	1	0.9297466157386501	0.11688103453471055	0.6445012787723785
chr2:103061788-103061788_G_C	sgit-st058-01-000-000	1	0.9295791305323883	0.11650270720824493	0.6502673796791444
chr2:148654043-148654043_G_A	sgit-st058-01-000-000	1	0.9297130617507586	0.11687402963816299	0.5483870967741935
chr2:167133538-167133538_C_A	sgit-st058-01-000-000	0	0.9235294498714893	0.12759519981161313	0.22413793103448276
chr2:21364597-21364597_G_A	sgit-st058-01-000-000	1	0.934914110777301	0.1055984621777971	0.6724738675958188
chr2:21365128-21365128_G_A	sgit-st058-01-000-000	1	0.9328458260756419	0.10927228204919696	0.6746031746031746
chr2:43924449-43924449_G_T	sgit-st058-01-000-000	1	0.9303755145139394	0.11593319699082306	0.4262948207171315
chr2:74589841-74589841_G_A	sgit-st058-01-000-000	1	0.9307717683902914	0.11439120153301086	0.5225225225225225
chr2:74592289-74592289_G_T	sgit-st058-01-000-000	1	0.9318985116430567	0.11335069493958466	0.5923190546528804
chr2:74593500-74593500_G_C	sgit-st058-01-000-000	1	0.9306589133432137	0.11470423677415918	0.5507765830346476
chr4:157688927-157688927_C_T	sgit-st058-01-000-000	3	0.9280783504135633	0.11994615478428301	0.4077669902912621
chr4:73927609-73927609_G_A	sgit-st058-01-000-000	1	0.9321329539992508	0.11324998861779297	0.545
chr8:20112397-20112397_T_A	sgit-st058-01-000-000	1	0.933335135087933	0.10890840431041916	0.5131578947368421
chrX:123680917-123680917_G_A	sgit-st058-01-000-000	1	0.9284152952243928	0.11970065656121047	0.23255813953488372
chrX:34148882-34148882_C_T	sgit-st058-01-000-000	1	0.9327207917990811	0.10909857985437252	0.6439114391143912
