mutation_id	sample_id	cluster_id	cellular_prevalence	cellular_prevalence_std	variant_allele_frequency
chr10:69793935-69793935_C_A	sgit-st069-01-000-000	0	0.7707774139905718	0.1367009877567502	0.5076923076923077
chr12:10137582-10137582_C_T	sgit-st069-01-000-000	1	0.9155056720937715	0.08820028258141056	0.7692307692307693
chr14:20181274-20181274_T_C	sgit-st069-01-000-000	1	0.8568434209330515	0.11952798361383386	0.5918367346938775
chr16:3119297-3119297_C_CG	sgit-st069-01-000-000	0	0.6988670367114137	0.11930834536624033	0.458
chr16:68265417-68265417_G_T	sgit-st069-01-000-000	6	0.7034609196197398	0.16931100494909454	0.42151675485008816
chr17:7370109-7370110_AG_A	sgit-st069-01-000-000	0	0.723926446643507	0.14153069579082783	0.45528455284552843
chr17:77076436-77076436_A_G	sgit-st069-01-000-000	0	0.6864994982490235	0.18459549913299853	0.29292929292929293
chr18:56246642-56246642_C_T	sgit-st069-01-000-000	0	0.7206446248744768	0.17375351360482597	0.3333333333333333
chr19:7810766-7810766_C_T	sgit-st069-01-000-000	0	0.7406077294396046	0.11845004716790807	0.48936170212765956
chr1:120548047-120548047_T_G	sgit-st069-01-000-000	4	0.765699956485777	0.17316401005278353	0.3569230769230769
chr1:12856105-12856105_C_G	sgit-st069-01-000-000	2	0.7990499238743668	0.13890011163478477	0.5641025641025641
chr1:144866694-144866694_C_A	sgit-st069-01-000-000	0	0.7197482972318553	0.1832140810738106	0.3013698630136986
chr1:20879848-20879848_G_T	sgit-st069-01-000-000	0	0.7286195086983942	0.11692471715587889	0.48109965635738833
chr21:45502859-45502859_C_G	sgit-st069-01-000-000	0	0.7204172674439847	0.15231045819415717	0.43661971830985913
chr3:100119631-100119631_C_T	sgit-st069-01-000-000	0	0.7463672353058238	0.11898302192988457	0.4942528735632184
chr3:12810783-12810783_C_T	sgit-st069-01-000-000	2	0.8040232092663083	0.13343002402945273	0.55
chr4:13603371-13603371_C_A	sgit-st069-01-000-000	0	0.7220099601569955	0.129551450584202	0.4647058823529412
chr7:36662801-36662801_A_C	sgit-st069-01-000-000	0	0.7361861712096129	0.14434560709112523	0.4588235294117647
chr7:7459556-7459556_C_T	sgit-st069-01-000-000	0	0.7317874341042917	0.1588911384401077	0.43010752688172044
chr9:43844264-43844265_CG_C	sgit-st069-01-000-000	0	0.746061260214672	0.1468598898418018	0.47368421052631576
chrX:53285095-53285095_C_T	sgit-st069-01-000-000	5	0.6656931620895061	0.24063041151594852	0.4426229508196721
chrX:96369808-96369808_A_T	sgit-st069-01-000-000	3	0.6925144141619878	0.2080026749067397	0.5434782608695652
