mutation_id	sample_id	cluster_id	cellular_prevalence	cellular_prevalence_std	variant_allele_frequency
chr1:78958969-78958969_G_A	sgit-st068-01-000-000	0	0.7010972853199049	0.2330948530094421	0.4742857142857143
chr2:213878654-213878655_AG_A	sgit-st068-01-000-000	1	0.6872419919551438	0.24006796545263456	0.2465753424657534
chr8:38274851-38274851_T_C	sgit-st068-01-000-000	2	0.6981642752196301	0.23527862639448097	0.5148514851485149
chr8:62465646-62465646_C_A	sgit-st068-01-000-000	3	0.6963365107196017	0.2374655090442025	0.4188034188034188
chrX:117724224-117724224_G_C	sgit-st068-01-000-000	0	0.6830061693616251	0.23784936001631257	0.32857142857142857
chrX:123191804-123191804_G_GT	sgit-st068-01-000-000	0	0.6937451966994564	0.23724306223936892	0.5483870967741935
chrX:153223681-153223681_C_T	sgit-st068-01-000-000	0	0.6931390577585619	0.23762212052024453	0.4330708661417323
