mutation_id	sample_id	cluster_id	cellular_prevalence	cellular_prevalence_std	variant_allele_frequency
chr11:47330570-47330570_C_T	sgit-st027-01-000-000	0	0.5952215699522037	0.10734398737938743	0.34502923976608185
chr12:23696224-23696224_C_G	sgit-st027-01-000-000	0	0.5610114353663816	0.14809156897382839	0.28804347826086957
chr12:70284764-70284764_T_C	sgit-st027-01-000-000	1	0.6393173018050132	0.15831518984127024	0.4028776978417266
chr13:100622704-100622704_A_G	sgit-st027-01-000-000	0	0.6347953975867463	0.1221263645576675	0.46218487394957986
chr15:40662481-40662481_C_T	sgit-st027-01-000-000	0	0.6321363851024635	0.13878823508754348	0.43884892086330934
chr16:32687388-32687389_CG_C	sgit-st027-01-000-000	2	0.6952627687968188	0.13526458503441352	0.4722222222222222
chr17:33680768-33680768_G_GC	sgit-st027-01-000-000	0	0.614994774669095	0.08635147275693468	0.37254901960784315
chr17:33768995-33768995_G_GC	sgit-st027-01-000-000	2	0.6661680720702247	0.08582800919491318	0.4073684210526316
chr17:56589815-56589815_G_A	sgit-st027-01-000-000	0	0.6007856518671518	0.09893188046860174	0.355
chr19:48003914-48003914_C_T	sgit-st027-01-000-000	0	0.6524910987589518	0.11657670246824045	0.3977272727272727
chr19:52004791-52004791_G_GC	sgit-st027-01-000-000	2	0.669434625969764	0.10383755676091527	0.4117647058823529
chr19:8168563-8168563_C_T	sgit-st027-01-000-000	0	0.6250620336804338	0.1507814327547037	0.3230769230769231
chr19:9361740-9361741_CT_C	sgit-st027-01-000-000	2	0.6901250557131741	0.11081161194898435	0.42731277533039647
chr1:92445135-92445135_G_A	sgit-st027-01-000-000	3	0.6091803384090093	0.17967461636915996	0.29714285714285715
chr2:196729583-196729583_G_A	sgit-st027-01-000-000	0	0.6007966612437967	0.14834750291325455	0.3237410071942446
