mutation_id	sample_id	cluster_id	cellular_prevalence	cellular_prevalence_std	variant_allele_frequency
chr11:108160492-108160492_A_G	sgit-st072-01-000-000	0	0.9281491414896352	0.11600332877953548	0.46987951807228917
chr12:1943759-1943759_G_A	sgit-st072-01-000-000	0	0.9307208041334861	0.11147210383999201	0.44108761329305135
chr12:50031364-50031364_C_T	sgit-st072-01-000-000	0	0.9313757782502827	0.10846174015891297	0.5416666666666666
chr16:3777958-3777958_A_C	sgit-st072-01-000-000	0	0.9276882922545799	0.11774185352987629	0.45614035087719296
chr17:17719996-17719996_C_T	sgit-st072-01-000-000	0	0.9264615411032934	0.11676333070706621	0.5625
chr19:38631897-38631897_C_T	sgit-st072-01-000-000	0	0.9264856931521854	0.11853584602763449	0.4715447154471545
chr19:39088223-39088223_G_T	sgit-st072-01-000-000	0	0.9287132375934505	0.11469470977029234	0.5483870967741935
chr19:45555337-45555337_C_G	sgit-st072-01-000-000	0	0.9295148408560597	0.11275443164618887	0.5060240963855421
chr19:58573049-58573049_C_A	sgit-st072-01-000-000	0	0.9294860805973134	0.11341302748726964	0.4467005076142132
chr1:153233488-153233488_C_CGGCGGT	sgit-st072-01-000-000	0	0.9278932408134697	0.11703927687810887	0.6271186440677966
chr1:207751184-207751184_T_G	sgit-st072-01-000-000	0	0.9325930974689967	0.10764447860148973	0.47280334728033474
chr1:21936093-21936094_AG_A	sgit-st072-01-000-000	0	0.9219385627453186	0.1300298134232771	0.3333333333333333
chr20:31571640-31571640_C_G	sgit-st072-01-000-000	0	0.9271372588177115	0.11857274544225568	0.45132743362831856
chr3:51929267-51929267_C_T	sgit-st072-01-000-000	0	0.9299829625239814	0.11107245744855451	0.5354969574036511
chr5:1032279-1032279_G_T	sgit-st072-01-000-000	0	0.927759569719406	0.11807811574578286	0.4967741935483871
chr7:102978182-102978182_C_T	sgit-st072-01-000-000	0	0.9293108450103295	0.11331141941421435	0.48148148148148145
chr7:156974229-156974229_T_C	sgit-st072-01-000-000	0	0.9275797688642575	0.11701682419039118	0.44881889763779526
chr8:53062490-53062490_C_A	sgit-st072-01-000-000	0	0.9227158516887494	0.12806801455428773	0.4808510638297872
chr9:114466192-114466192_G_A	sgit-st072-01-000-000	0	0.9263818634807666	0.12006791642034527	0.4647058823529412
chr9:91690061-91690061_G_A	sgit-st072-01-000-000	0	0.9251856795511257	0.12183235179566955	0.4462809917355372
chrX:8997451-8997451_C_T	sgit-st072-01-000-000	1	0.9069964898052174	0.16008770648304835	0.48295454545454547
