mutation_id	sample_id	cluster_id	cellular_prevalence	cellular_prevalence_std	variant_allele_frequency
chr11:15222382-15222382_G_A	sgit-st080-01-000-000	2	0.7431211681209633	0.2329035627927291	0.5668789808917197
chr16:29884038-29884038_G_A	sgit-st080-01-000-000	3	0.7289749295170984	0.23480716961264123	0.3472222222222222
chr19:55284824-55284824_G_C	sgit-st080-01-000-000	1	0.7422833995523636	0.23192426614767211	0.5569620253164557
chr2:25469595-25469595_A_C	sgit-st080-01-000-000	1	0.7387174322739205	0.23163263459170758	0.4701195219123506
chr2:9989570-9989570_T_TA	sgit-st080-01-000-000	1	0.7457053466824517	0.2288929781879314	0.5128205128205128
chr3:36897261-36897261_G_A	sgit-st080-01-000-000	1	0.7421507218158941	0.2293314405186803	0.592
chr3:38523827-38523827_G_A	sgit-st080-01-000-000	2	0.7391182951494578	0.23121611356874364	0.47674418604651164
chr5:156533949-156533949_G_A	sgit-st080-01-000-000	0	0.7421931065946368	0.22915468447299336	0.5483870967741935
chr6:49701439-49701439_C_T	sgit-st080-01-000-000	1	0.7458488727366355	0.22818764914391101	0.6079545454545454
chr8:145278125-145278125_G_A	sgit-st080-01-000-000	4	0.7367617564231789	0.23314334792422975	0.5257731958762887
chr9:69218548-69218548_G_GT	sgit-st080-01-000-000	1	0.7470448718397126	0.2262421998378344	0.5865384615384616
